{
  "$schema": "./node_modules/@angular/cli/lib/config/schema.json",
  "project": {
    "name": "maintenance-strategy"
  },
  "apps": [
    {
      "root": "src",
      "outDir": "dist",
      "assets": [
        "assets",
        "favicon.ico"
      ],
      "index": "index.html",
      "main": "main.ts",
      "polyfills": "polyfills.ts",
      "test": "test.ts",
      "tsconfig": "tsconfig.app.json",
      "testTsconfig": "tsconfig.spec.json",
      "prefix": "app",
      "styles": [
        "../node_modules/jstree/dist/themes/default/style.css",
        "../node_modules/orgchart/dist/css/jquery.orgchart.min.css",
        "../node_modules/jquery-datetimepicker/build/jquery.datetimepicker.min.css",
        "../node_modules/uikit/dist/css/uikit.css",
        "assets/font/flaticon.css",
        "../node_modules/@swimlane/ngx-datatable/release/assets/icons.css",
        "assets/css/jquery-validation-engine/validationEngine.jquery.css",
        "styles.scss"
      ],
      "scripts": [
        "../node_modules/jquery/dist/jquery.min.js",
        "../node_modules/uikit/dist/js/uikit.min.js",
        "../node_modules/uikit/dist/js/uikit-icons.min.js",
        "../node_modules/highcharts/highcharts.js",
        "../node_modules/highcharts/modules/boost.js",
        "../node_modules/highcharts/modules/exporting.js",
        "../node_modules/jstree/dist/jstree.js",
        "../node_modules/jquery-datetimepicker/build/jquery.datetimepicker.full.js",
        "../node_modules/orgchart/dist/js/jquery.orgchart.min.js",
        "../node_modules/numeral/min/numeral.min.js",
        "../node_modules/numeral/min/locales/es.min.js",
        "../node_modules/moment/min/moment-with-locales.min.js",
        "../node_modules/xlsx/dist/xlsx.full.min.js",
        "assets/js/jquery-validation-engine/jquery.validationEngine-es.js",
        "assets/js/jquery-validation-engine/jquery.validationEngine.js"

      ],
      "environmentSource": "environments/environment.ts",
      "environments": {
        "dev": "environments/environment.ts",
        "prod": "environments/environment.prod.ts"
      }
    }
  ],
  "e2e": {
    "protractor": {
      "config": "./protractor.conf.js"
    }
  },
  "lint": [
    {
      "project": "src/tsconfig.app.json",
      "exclude": "**/node_modules/**"
    },
    {
      "project": "src/tsconfig.spec.json",
      "exclude": "**/node_modules/**"
    },
    {
      "project": "e2e/tsconfig.e2e.json",
      "exclude": "**/node_modules/**"
    }
  ],
  "test": {
    "karma": {
      "config": "./karma.conf.js"
    }
  },
  "defaults": {
    "styleExt": "scss",
    "component": {
    }
  }
}
