[
  {
    "id": 1,
    "area_id": 1,
    "parent_nickname": "mcov_1",
    "name": "Motor #1",
    "fmeca": {
      "status": false,
      "data": []
    },
    "rcm": {
      "status": false,
      "data": []
    },
    "version": "1.0",
    "date_modified": "01-01-2017"
  },
  {
    "id": 2,
    "area_id": 1,
    "parent_nickname": "mcov_1",
    "name": "Motor #2",
    "version": "1.0",
    "fmeca": {
      "status": false,
      "data": []
    },
    "rcm": {
      "status": false,
      "data": []
    },
    "date_modified": "01-01-2017"
  },
  {
    "id": 2,
    "area_id": 1,
    "parent_nickname": "mcov_1",
    "name": "Motor #3",
    "version": "1.0",
    "fmeca": {
      "status": false,
      "data": []
    },
    "rcm": {
      "status": false,
      "data": []
    },
    "date_modified": "01-01-2017"
  },
  {
    "id": 2,
    "area_id": 1,
    "parent_nickname": "mcov_1",
    "name": "Motor #4",
    "version": "1.0",
    "fmeca": {
      "status": false,
      "data": []
    },
    "rcm": {
      "status": false,
      "data": []
    },
    "date_modified": "01-01-2017"
  },
  {
    "id": 2,
    "area_id": 1,
    "parent_nickname": "mcov_1",
    "name": "Motor #5",
    "version": "1.0",
    "fmeca": {
      "status": false,
      "data": []
    },
    "rcm": {
      "status": false,
      "data": []
    },
    "date_modified": "01-01-2017"
  }
]